ERVIÇOS
O Google disponibiliza muitos recursos gratuitos que podem ajudar na evolução do seu site. Conheça neste post as melhores ferramentas para acompanhar os resultados da sua empresa.
Uma boa gestão empresarial se preocupa com o acompanhamento da produtividade da empresa, sempre investindo nos pontos de melhoria para alcançar uma melhor performance. Isso pode ser aplicado ao marketing digital da empresa também.

Como empreendedor, você deve se preocupar com as questões citadas acima e zelar pelo branding da sua empresa, pois as pessoas precisam enxergar a sua marca com bons olhos.

Fazendo uma boa análise é possível identificar se o público gosta dos seus conteúdos e saber o que está dando certo e o que está dando errado. Para que você possa fazer isso, o Google disponibiliza diversas ferramentas para te ajudar a gerenciar o seu site da melhor forma.

Com as ferramentas do Google é possível fazer a otimização das suas páginas, o monitoramento do site, campanhas de marketing, acompanhar alertas e organizar as suas atividades.

Neste post vamos te mostrar os melhores recursos para você aplicar no dia a dia da sua empresa e melhorar os resultados. Continue a leitura!

Navegue e saiba mais sobre as ferramentas do Google
E Book Como Vender Mais Agencia Tupiniquim
feeramentas do Google






<post_titulo> <post_titulo/>
<post_subtitulo> <post_subtitulo/>
<post_description> <post_description/>
<blog_text> <blog_text/>
<blog_img>  <blog_img/>


<blogcat_id> <blogcat_id/>
<post_paisid> <post_paisid/>
<blogdestaque_id>  <blogdestaque_id/>