
<post_titulo>  Google Docs <post_titulo/>
<post_subtitulo>Internet para leigos | Ferramenta Google Docs
 <post_subtitulo/>
<post_description> 
Google Docs é um pacote de aplicativos do Google baseado em AJAX.[1] As ferramentas do Google Docs funcionam de forma síncrona e assíncrona, portanto, on-line para acessar dados em nuvens e off-line através de aplicativos de extensão instaladas diretamente do Google, onde há bancos de dados criados por essa extensão para posterior sincronização através de upload instantâneo ao acessá-los online, diretamente no browser de desktops ou aplicativos de dispositivos móveis do Android e Mec. Os aplicativos são compatíveis com o Apache OpenOffice, LibreOffice e Microsoft Office, e atualmente compõe-se de um processador de texto, um editor de apresentações, um editor de planilhas e um editor de formulários...
<post_description/>

<blog_text> 
Google Docs é um pacote de aplicativos do Google baseado em AJAX.[1] As ferramentas do Google Docs funcionam de forma síncrona e assíncrona, portanto, on-line para acessar dados em nuvens e off-line através de aplicativos de extensão instaladas diretamente do Google, onde há bancos de dados criados por essa extensão para posterior sincronização através de upload instantâneo ao acessá-los online, diretamente no browser de desktops ou aplicativos de dispositivos móveis do Android e Mec. Os aplicativos são compatíveis com o Apache OpenOffice, LibreOffice e Microsoft Office, e atualmente compõe-se de um processador de texto, um editor de apresentações, um editor de planilhas e um editor de formulários.

Originalmente, o processador de texto foi desenvolvido a parte, sob o nome Writely, e comprado pelo Google meses depois. Alguns dos recursos mais peculiares são a portabilidade de documentos, que permite a edição do mesmo documento por mais de um usuário e o recurso de publicação direta em blog. Os aplicativos permitem a compilação em PDF.

Ele permite aos usuários criar e editar documentos online ao mesmo tempo colaborando em tempo real com outros usuários. Google Docs combina as características de Writely e Spreadsheets com um programa de apresentação incorporando tecnologia projetada por Sistemas Tonic. Armazenamento de dados de arquivos de até 1 GB no total de tamanho foi introduzido em 13 de janeiro de 2011, os documentos criados no Google Docs não contam para este contingente.


Formatos de arquivo
O Google Docs suporta inúmeros formatos de arquivo:
Microsoft Word (.DOC e .DOCX)
Microsoft Excel (.XLS e .XLSX)
Microsoft PowerPoint (.PPT e .PPTX)
OpenDocument Format (.ODT e .ODS)
Adobe Portable Document Format (.PDF)
Páginas Apple (.PAGES)
Adobe Illustrator (.AI)
Adobe Photoshop (.PSD)
Tagged Image File Format (.TIFF)
Autodesk AutoCad (.DXF)
Scalable Vector Graphics (.SVG)
PostScript (.EPS e .PS)
TrueType (.TTF)
XML Paper Specification (.XPS)
Tipos de arquivo (.ZIP e .RAR)
Arquivos de imagem (.JPG, .JPEG, .BMP, .PNG e .GIF)

Proprietário(s)	Google Inc.
Gênero	Editor de documentos On-line
Cadastro	Necessário (conta Google)
País de origem	 Estados Unidos
Idioma(s)	54
Lançamento	agosto de 2005
Desenvolvedor	Writely Team (original)
Google Inc.
Endereço eletrônico
Fonte: wikipedia;
<blog_text/>

<blog_img>  <blog_img/>
<blogcat_id> <blogcat_id/>
<post_paisid>1<post_paisid/>
<blogdestaque_id>2  <blogdestaque_id/>
