
<post_titulo>  Google Drive <post_titulo/>
<post_subtitulo>Internet para leigos | Ferramenta Google Drive
 <post_subtitulo/>
<post_description> 
Google Drive é um serviço de armazenamento e sincronização de arquivos que foi apresentado pela Google em 24 de abril de 2012. Google Drive abriga agora o Google Docs, um leque de aplicações de produtividade, que oferece a edição de documentos, folhas de cálculo, apresentações, e muito mais. O Google Drive é considerado uma "evolução natural" do Google Docs (uma vez ativado substitui a URL docs.google.com por drive.google.com). Rumores sobre o Google Drive começaram a circular no início de março de 2006. Com o lançamento do Google Drive, o Google aumentou o espaço de armazenamento do Gmail para 15 GB...

<post_description/>

<blog_text> 
Google Drive é um serviço de armazenamento e sincronização de arquivos que foi apresentado pela Google em 24 de abril de 2012. Google Drive abriga agora o Google Docs, um leque de aplicações de produtividade, que oferece a edição de documentos, folhas de cálculo, apresentações, e muito mais. O Google Drive é considerado uma "evolução natural" do Google Docs (uma vez ativado substitui a URL docs.google.com por drive.google.com). Rumores sobre o Google Drive começaram a circular no início de março de 2006. Com o lançamento do Google Drive, o Google aumentou o espaço de armazenamento do Gmail para 15 GB.

O Google Drive baseia-se no conceito de computação em nuvem, pois o internauta poderá armazenar arquivos através deste serviço e acedê-los a partir de qualquer computador ou outros dispositivos compatíveis, desde que ligados à internet. Para além disso o Google Drive disponibiliza vários aplicativos via online, sem que esses programas estejam instalados no computador da pessoa que os utiliza.

O Google Drive dá ao usuário 15 GB grátis de armazenamento no início. Um utilizador consegue espaço extra, que é compartilhado entre Picasa e Google Drive, que vai de 25 GB até 16TB pagando uma quantia mensal (2,49 dolares/mês ou menos de 2,00 euros/mês). Pode ser adquirido através da contratação de um plano de pagamento mensal.
Em agosto de 2018, Google lançou o Google One para substituir planos não gratuitos do Google Drive.

No dia 6 de Outubro de 2020, com a remodelação do G Suíte para o Google Workspace, a logomarca do Google Drive, assim como a de alguns outros apps da Google, foram alteradas.

Estes são alguns dos tipos de arquivos que são compatíveis com o Google Drive:

Arquivos compactados (.ZIP, .RAR, tar, gzip)
Formatos de áudio (MP3, MPEG, WAV, .ogg)
Arquivos de imagem (.JPEG, .PNG, .GIF, .BMP)
Marcação/código (.CSS, .HTML, .PHP, .C, .CPP, .H, .HPP, .JS)
Arquivos de texto (.TXT)
Arquivos de vídeo (WebM, .MPEG4, .3GPP, .MOV, .AVI, .MPEGPS, .WMV, .FLV, .ogg)
Arquivos Adobe
Autodesk AutoCad (.DXF)
llustrator (.AI)
Photoshop (.PSD)
Formato de documento portátil (.PDF)
PostScript (.EPS, .PS)
Elementos gráficos vetoriais escaláveis (.SVG)
Formato de arquivo de imagem com tag (.TIFF)
TrueType (.TTF)
Excel (.XLS, .XLSX)
PowerPoint (.PPT, .PPTX)
Word (.DOC, .DOCX)
XML Paper Specification (.XPS)


Proprietário(s)	Google
Requer pagamento?	Não (paga-se comprando mais espaço)
Gênero	Serviço de hospedagem e backup de arquivos
Cadastro	Público
País de origem	Múltiplos
Idioma(s)	Múltiplos
Lançamento	24 de abril de 2012
Desenvolvedor	Google
Endereço eletrônico	https://www.google.com/intl/pt-PT/drive/
Fonte: wikipedia;
<blog_text/>

<blog_img>  <blog_img/>
<blogcat_id> <blogcat_id/>
<post_paisid>1<post_paisid/>
<blogdestaque_id>2  <blogdestaque_id/>
