
<post_titulo>  Google Alerts <post_titulo/>
<post_subtitulo>Internet para leigos | Ferramenta Google Alerts <post_subtitulo/>
<post_description> 



Google Alerts é um serviço do Google que retorna resultados de uma pesquisa à caixa de emails do usuário, sempre que for encontrada nova citação de um termo pré determinado.

<post_description/>

<blog_text> 
Desenvolvedor	Google
Plataforma	Web, Android, iOS
Gênero(s)	alarme eletrônico
Licença	Gratuita
Página oficial	alarm.google.com/alarm

Fonte: wikipedia;

<blog_text/>

<blog_img>  <blog_img/>
<blogcat_id> <blogcat_id/>
<post_paisid>1<post_paisid/>
<blogdestaque_id>2  <blogdestaque_id/>
