


<post_titulo>  Google Agenda <post_titulo/>
<post_subtitulo>Internet para leigos | Ferramenta Google Agenda <post_subtitulo/>
<post_description> 



Google Agenda é um serviço de agenda e calendário on-line oferecido gratuitamente pela empresa Google. Disponível em uma interface web, é possível adicionar, controlar eventos, compromissos, compartilhar a programação com outras pessoas, agregar à sua agenda diversas agendas públicas, entre outras funcionalidades.

<post_description/>

<blog_text> 

Como a maioria dos serviços da Google, só pode acessá-lo quem tem uma conta no Google. Um endereço de email no Gmail é suficiente.

Desenvolvedor	Google
Plataforma	Web, Android, iOS
Gênero(s)	Agenda eletrônica
Licença	Gratuita
Página oficial	calendar.google.com/calendar
Fonte: wikipedia;

<blog_text/>
<blog_img>  <blog_img/>
<blogcat_id> <blogcat_id/>
<post_paisid>1<post_paisid/>
<blogdestaque_id>2  <blogdestaque_id/>
